,gene,labels,Oligo_2_1,Oligo_2_3_2,log2FC,pval,log2FCsc,Oligo_2_1sqr,Oligo_2_3_2sqr,fc,log2fcsqr,select
159,GSN,GSN,2.11257161943317,4.75109643038772,2.63852481095454,0,2.19997305337666,4.46295884723449,22.5729172908429,5.05783675438335,2.3385204736476,1
300,SERPINA3,SERPINA3,1.69082792901106,2.88842563766751,1.19759770865645,0,3.84043858681049,2.85889908552383,8.34300266433496,2.91825713841393,1.54510701004478,1
170,HLA-DRA,HLA-DRA,1.38559039786687,2.07724048353999,0.691650085673113,0,1.19407821780689,1.91986075066087,4.31492802645745,2.24752135016674,1.16833482058216,1
169,HLA-A,HLA-A,1.45811184641359,2.13566686851781,0.677555022104223,0,4.63650686507575,2.12609015665165,4.56107297328467,2.14528671750583,1.1011704767601,1
239,MYLK,,2.12501051011356,2.7146129005842,0.589602390470638,0,1.59497995835257,4.51566966809309,7.36912320001816,1.63190041381615,0.706553020007158,1
244,NGFR,NGFR,1.05060315327963,1.328812456419,0.27820930313937,0,3.53552506641217,1.1037669856811,1.7657425443343,1.59974212604729,0.677839365452318,1
328,TIMP1,TIMP1,1.03579577005767,1.2968199161238,0.261024146066135,0,3.57497991764922,1.07287287726936,1.68174189485534,1.5675127319237,0.648477161182714,1
34,C1QA,,1.10244515671231,1.35119160624016,0.248746449527856,0,1.29061990699757,1.21538532355843,1.82571875677386,1.50217278535871,0.58705076640961,1
96,CTSL,,1.4421488573819,1.75909200739902,0.316943150017118,0,1.66679530626133,2.07979332684792,3.09440469049511,1.48784239787177,0.573221714718276,1
81,CLU,CLU,3.27708394926413,3.94624189707187,0.669157947807735,0,3.81344388654513,10.7392792105246,15.5728251102054,1.45008103476292,0.536133524505002,1
198,KLK6,,1.3188733307028,1.58764065358386,0.268767322881065,0,2.00412195407145,1.7394268624391,2.52060284491219,1.44909964272812,0.535156800641707,1
219,MDM2,,1.9202912760833,2.30156499000429,0.381273713920989,0,1.03290826544506,3.68751858500163,5.29720140321345,1.4365219540205,0.522580041401224,1
108,DLC1,,1.37885686571694,1.61691373415041,0.238056868433472,0,1.74452140670702,1.90124625613474,2.61441002368422,1.37510331197146,0.459540012869841,1
341,TUBB2B,TUBB2B,2.55096441155249,2.9651791387906,0.414214727238101,0,4.9985062501011,6.50741942900734,8.79228732511896,1.35111735474229,0.434152989061606,1
39,CA2,,2.24351901280969,2.58155006100911,0.338031048199423,0,1.34888069720558,5.03337756083857,6.66440071749614,1.32404148843264,0.404948329258606,1
83,CNDP1,,3.11709262118367,3.57037132287424,0.45327870169057,0,2.11616991312457,9.71626640903768,12.7475513832028,1.31198043019338,0.391746200540199,1
6,ADGRE5,,1.1495001315432,1.30640255877963,0.156902427236425,0,1.33354630190267,1.32135055241783,1.70668764558596,1.29162366675749,0.369185781184426,1
137,FGFR2,,2.62908549142582,2.98762183817302,0.358536346747198,0,1.89670988206495,6.91209052122575,8.92588424792834,1.29134365652744,0.368872986385797,1
41,CAV1,,1.09649707201656,1.23519412652725,0.138697054510692,0,1.86664581815089,1.20230582894089,1.52570453020742,1.26898206220243,0.343671675991865,1
345,VOPP1,,1.57778441734787,1.74189330294244,0.164108885594566,1.89E-218,1.23180077238558,2.48940366762576,3.03419227883572,1.21884301782585,0.285512324491166,1
68,CD9,,1.44431472332226,1.59004973229052,0.145735008968259,3.61E-246,1.39981199029646,2.08604502000546,2.52825815115715,1.2119863794457,0.277373485595886,1
285,RB1,,1.43411265164596,1.55443975562735,0.120327103981391,1.29E-178,1.01958473140924,2.05667909761101,2.41628295387482,1.17484684736745,0.232472699816226,1
72,CDK4,,1.28156775625521,1.35731048768897,0.0757427314337595,1.80E-101,1.56994253545575,1.64241591387301,1.84229175999047,1.12169624297303,0.165682044852591,1
292,S100A1,S100A1,1.75251111319641,1.82529085458534,0.0727797413889313,8.77E-39,3.09990339295243,3.07129520187692,3.33168670383288,1.08478231001593,0.117405557166922,1
315,SOX2,,2.19338558961724,2.28094413939148,0.0875585497742426,7.47E-43,1.23115216712016,4.81094034474057,5.20270616702434,1.08143227606471,0.112943320367039,1
311,SMAP2,,1.45336734857473,1.50374006747818,0.0503727189034542,1.43E-31,1.17615983810972,2.11227664990314,2.26123419053928,1.07051990118954,0.0983116159761823,1
286,RBP1,,1.13940597513084,1.16818068421718,0.0287747090863342,8.35E-31,1.06295499831624,1.29824597616386,1.36464611097812,1.05114603552284,0.0719631165776553,1
231,MOBP,MOBP,4.77376540609533,4.33073375665029,-0.443031649445035,0,-1.68352343904614,22.7888361524325,18.7552548709903,0.823001874494076,-0.281032378310657,1
18,APOD,APOD,1.32740821253843,1.1821491175211,-0.145259095017331,0,-1.20589638943274,1.76201256271447,1.39747653605592,0.793113832232292,-0.334400150255476,1
196,KIF19,KIF19,1.28268800595458,1.11369317198007,-0.168994833974511,0,-1.04647856664919,1.64528852061974,1.24031248131503,0.753857129476499,-0.407636964133799,1
256,OPALIN,OPALIN,4.4053864116912,1.00183341297868,-3.40355299871251,0,-3.58256917644439,19.4074294363135,1.00367018736051,0.0517157715633649,-4.27325186887924,1
77,CHI3L1,,1.26584605542232,2.72692069424627,1.46107463882395,0,0.805187081502146,1.60236623602825,7.43609647270856,4.6406971799033,2.21434156018742,
49,CD163,,1.1497607148533,2.05558590905384,0.905825194200536,0,0.310463272069907,1.32194970141997,4.2254334295007,3.19636475197351,1.6764320502675,
37,C3,,1.51853230778639,2.33381957371119,0.815287265924806,0,0.501028679725653,2.30594036979106,5.44671380263748,2.36203584185961,1.2400308565559,
62,CD68,,1.30705686769018,1.97074391676284,0.663687049072656,0,0.963352194734909,1.70839765537606,3.88383158545774,2.27337679446932,1.18483681942243,
152,GPNMB,,1.18413710675809,1.76011578064047,0.575978673882383,0,0.130808707253476,1.40218068760142,3.09800756125961,2.20942107436887,1.14366839561161,
1,A2M,,1.42172307856694,2.08659947022032,0.664876391653386,0,0.314938653711799,2.02129651212986,4.35389734912372,2.1540122010778,1.10702642183411,
133,FCGR3A,,1.2420871918836,1.81037925517192,0.56829206328832,0,0.319293048536219,1.54278059224129,3.27747304755684,2.12439349058408,1.08705101394628,
134,FCGR3B,,1.25195517904795,1.80614070682913,0.554185527781178,0,-0.015740643714504,1.56739177034498,3.26214425286523,2.08125646349874,1.05745475258899,
35,C1R,,1.11974261616516,1.5096543606729,0.389911744507741,0,0.124010609487,1.2538235264564,2.2790562886987,1.81768505743377,0.862102251545641,
331,TNC,,1.20995230680591,1.59869552773857,0.388743220932652,0,0.0409014978506322,1.46398458474494,2.5558273904113,1.74580211912312,0.803890043538743,
224,METTL7B,,1.09609429355211,1.43625638483953,0.340162091287413,0,0.0871505585112486,1.2014227003575,2.06283240299232,1.7169913656355,0.779882784368491,
98,CXCL16,,1.23356193840378,1.54658132054223,0.313019382138452,0,0.527527538514085,1.52167505587849,2.39191378105015,1.57189524255509,0.652505073778316,
214,LYZ,,1.0513244366034,1.30021004274882,0.248885606145423,0,0.127459761325004,1.10528307099946,1.69054615526489,1.52951420285141,0.613073503619329,
10,AIF1,,1.24959912121032,1.54502422157232,0.295425100362001,0,0.569844744411925,1.5614979637296,2.38709984524515,1.52872427674745,0.612328223285049,
4,ACTG2,,1.72756053668607,2.13394321495064,0.406382678264571,0,0,2.98446540791506,4.55371364463387,1.5258054700708,0.609571039987823,
107,DHCR24,,1.6278878122132,2.00836810298059,0.380480290767387,0,0.804737656955362,2.65001872915228,4.03354243706986,1.52208072822193,0.606044878629115,
188,ITGB2,,1.14805167359078,1.40915771400877,0.261106040417991,0,0.227537111738419,1.31802264523459,1.98572546295042,1.50659434428533,0.591291018614968,
266,PDK4,,1.82913478939723,2.24394582209929,0.414811032702058,0,0.984261874774937,3.34573407778325,5.03529285251686,1.50498896070457,0.589752904662592,
48,CD14,,1.07207072701595,1.31297958738137,0.240908860365425,0,0.529133975648499,1.14933564372451,1.72391539688015,1.49992337424921,0.584888800444916,
295,S100A9,,1.0273580568107,1.25768810773284,0.230330050922147,0,0.227032198859094,1.05546457689386,1.58177937633261,1.49865699992287,0.583670229093702,
89,CPM,,1.69050700979653,2.05628394515952,0.365776935362995,0,0.264572130451818,2.85781395017121,4.2283036631208,1.47955875954328,0.565166993198511,
43,CCL2,,1.08442233347955,1.31657784229339,0.232155508813835,0,0.155713277031711,1.17597179734923,1.73337721481792,1.47399556581641,0.559732184416495,
336,TREM2,,1.15047981662499,1.38899949413181,0.238519677506825,0,0.361479610578032,1.32360380846147,1.92931959469842,1.45762620382683,0.54362079989421,
59,CD4,,1.11400557343159,1.33565531652439,0.221649743092807,0,0.0751185746991491,1.24100841763665,1.78397512455987,1.4375205673119,0.523582597550305,
230,MMP2,,1.14838601886743,1.36319893109352,0.214812912226084,0,0.0465800104710052,1.31879044833019,1.85831132573452,1.40910280938678,0.494776875793369,
36,C1S,,1.07172909070498,1.27192488572178,0.200195795016796,0,0.0219071459391917,1.14860324386332,1.61779291491836,1.40848715477846,0.494146406579783,
132,FCER1G,,1.11633003916219,1.31829680544852,0.201966766286328,0,0.61699082929191,1.24619275633586,1.73790646725577,1.39457275643753,0.479823203361193,
85,COL1A1,,1.01455596052693,1.19761398360914,0.18305802308221,0,0,1.02932379704072,1.43427925373615,1.39341892012957,0.478629057748412,
164,HAVCR2,,1.23756461199661,1.44881384391483,0.211249231918216,0,0.0999807301922812,1.53156616886632,2.09906155431926,1.37053272459851,0.454736776213556,
324,TF,,3.79350591318684,4.390215037162,0.596709123975158,0,0.182474857054903,14.3906871133835,19.2739880725233,1.33933758135831,0.421519639204843,
162,HAMP,,1.0631891128541,1.22875723986361,0.165568127009511,0,0.241594538881806,1.13037108969149,1.50984435451724,1.33570680309005,0.417603360993389,
148,GLIPR1,,1.1112127635353,1.27555504065764,0.164342277122334,0,0.108622857170364,1.23479380584376,1.62704066174711,1.31766182665237,0.397980155161804,
101,CXCR4,,1.06109227023463,1.21339584825218,0.152303578017552,0,0.341811103061253,1.12591680595168,1.47232948455563,1.30767164747234,0.387000329802155,
277,POSTN,,1.05109755084655,1.20175653889313,0.150658988046574,0,0.00853436767579514,1.10480606139562,1.4442187787724,1.30721474948103,0.386496166811574,
117,EGFR,,1.24867472368644,1.42571303700224,0.177038313315801,9.83E-238,-0.0586361147075209,1.55918856557341,2.03265766387815,1.30366378304642,0.382571844204806,
44,CCL3L1,,1.10866484353845,1.25206927686585,0.143404433327403,0,0.658885658541565,1.22913773529814,1.56767747407137,1.27542864322778,0.350982186324836,
325,THBS1,,1.04604295020908,1.17947884787067,0.13343589766159,0,0.0414841617421557,1.09420585368212,1.39117035257432,1.27139728588811,0.346414913757857,
86,COL3A1,,1.00946642790623,1.13788526089465,0.128418832988424,0,0,1.01902246906976,1.29478286696129,1.27061267662062,0.345524317771308,
233,MRC1,,1.12606109493844,1.26927781692737,0.14321672198893,0,0.0372290956334645,1.26801358953396,1.61106617654391,1.27054330477328,0.345445548564785,
38,C3AR1,,1.14740715967286,1.29104850978826,0.143641350115402,0,0.0519355843284334,1.31654319006854,1.66680625462649,1.26604753053313,0.340331568097409,
163,HAPLN2,,2.16435000457782,2.42551732610759,0.261167321529771,0,-0.548488929045265,4.68441094231601,5.88313429924811,1.25589628486766,0.328717327696657,
344,VEGFA,,1.05535268107039,1.1790135835376,0.123660902467214,0.49E-307,0.887671519995548,1.11376928144246,1.39007303016617,1.24807987913427,0.319710271974998,
102,CYP1B1,,1.05141656127919,1.17012013590538,0.118703574626192,0,0,1.10547678533216,1.36918113245123,1.23854354122853,0.308644587688273,
245,NNMT,,1.04715829736468,1.16337185344795,0.116213556083266,0,0.0722044800633958,1.0965404997397,1.35343406939492,1.2342764081365,0.303665512796243,
269,PIM1,,1.10137421879774,1.22243648888359,0.121062270085848,0,0.898565346606895,1.21302516983233,1.49435096935404,1.2319208261446,0.30090953898819,
226,MGP,,1.03434709676478,1.14735816765225,0.113011070887466,0,0.115098670960964,1.06987391658573,1.31643076487833,1.23045411657425,0.299190860945211,
274,PLP1,,7.00978842579155,7.75144620269207,0.741657776900516,0,-1.00821404404512,49.1371337743612,60.0849182332293,1.22280063198518,0.290189202971846,
294,S100A8,,1.01202439325216,1.11783564927512,0.105811256022958,0,0.165008790983188,1.0241933725374,1.24955653879033,1.2200396646725,0.286928051965292,
180,IGSF6,,1.11357732782014,1.22817032103343,0.114592993213291,0,0.0986349279626497,1.24005446503504,1.50840233746736,1.21640006951205,0.282617803925192,
334,TP53,,1.23127754565996,1.35695339989031,0.125675854230357,8.62E-268,0.21892160467034,1.51604439444642,1.84132252947387,1.2145571305293,0.280430353286079,
178,IGFBP5,,1.60279375325845,1.7613412543922,0.15854750113375,9.82E-153,0.131883043201602,2.56894781548431,3.10232301442389,1.20762399131842,0.272171323617281,
69,CD93,,1.05973626425751,1.15957183626305,0.0998355720055493,0,0.012985647769158,1.12304094978246,1.34460684345446,1.19729101927665,0.259773863256741,
213,LY86,,1.1265232091611,1.2289548447017,0.102431635540604,3.46E-278,0.131996788050487,1.26905454077862,1.51033001031578,1.19012222231924,0.251109742003188,
330,TMEM119,,1.20428029537709,1.30548891277362,0.101208617396529,4.29E-184,0.0932143798637678,1.45029102983353,1.70430130137485,1.17514434435306,0.232837975592262,
293,S100A4,,1.02554251513481,1.11024378161333,0.0847012664785274,0,0.400709585809685,1.05173745034903,1.23264125461107,1.17200471867004,0.228978378282489,
66,CD86,,1.08568414889586,1.17461368422195,0.0889295353260886,9.10E-273,0.0547564053867363,1.17871007116373,1.37971730716146,1.17053153350873,0.227163800425047,
232,MOG,,5.38455631520655,5.81508288673041,0.430526571523863,0,0.162184798454252,28.9934467116307,33.8151889795449,1.16630455550426,0.221944566705848,
87,COL4A1,,1.02568590297831,1.10709391497449,0.0814080119961726,0,0.00638671189477116,1.05203157156843,1.22565693657354,1.16503816966848,0.220377222080716,
215,MAG,,2.84996395850244,3.06929262386141,0.219328665358975,1.81E-176,0.569849138709866,8.1222945647629,9.42055721089006,1.15983939461632,0.213925046187211,
212,LUM,,1.03393794831372,1.11115070436358,0.0772127560498606,1.37E-260,0,1.06902768096319,1.23465588780768,1.1549335062075,0.207809792744214,
187,ITGAX,,1.08944353004687,1.17011033489914,0.0806668048522654,1.95E-190,0.0404616554349585,1.18688720516099,1.36915819583778,1.15357060880277,0.206106312518472,
126,F3,,1.29646365503833,1.39012646296676,0.0936628079284298,3.13E-118,0.105582761071373,1.68081800883535,1.93245158304047,1.14970899459811,0.20126874362355,
127,FABP7,,2.00741079822285,2.152395671837,0.144984873614147,1.45E-97,0.37701537214224,4.0296981128217,4.63280712814265,1.14966605399099,0.201214859242237,
186,ITGAM,,1.05795815043182,1.13048113437455,0.072522983942735,2.72E-245,0.0332262247324335,1.11927544806512,1.27798759517677,1.14179900701478,0.191308712781618,
276,PODXL,,1.15828958031949,1.23679296535123,0.0785033850317423,3.41E-147,0.271065077108086,1.3416347518767,1.52965683914229,1.1401440198255,0.189216073130894,
130,FBLN1,,1.08577390649572,1.15891037231389,0.0731364658181761,1.44E-158,0.0365372413449307,1.17890497602698,1.34307325105672,1.13925488344532,0.188090554723754,
154,GPR183,,1.06699053275052,1.13714611213696,0.0701555793864483,9.55E-189,0.185360537739527,1.13846879697924,1.2931012803482,1.13582496400363,0.183740525845699,
115,DST,,2.12268165148403,2.25963725001669,0.136955598532659,4.59E-121,0.593127718874134,4.50577739354697,5.10596050166299,1.13320300931324,0.180406338028369,
273,PLOD2,,1.25176101748384,1.33203995920883,0.0802789417249912,6.49E-119,0.580674491386022,1.56690564489218,1.77433045292906,1.13237862069937,0.179356416540896,
267,PECAM1,,1.09670803632804,1.16498675930898,0.0682787229809352,9.48E-159,0.035643319315162,1.20276851694651,1.35719414936524,1.12839181458688,0.174268105688953,
284,PTPRZ1,,1.6365199555781,1.73323817156994,0.0967182159918336,1.35E-66,0.233721269638448,2.67819756500535,3.00411455938711,1.121692663245,0.165677440696919,
104,DCN,,1.03821267722161,1.09667895431589,0.0584662770942874,1.60E-173,0.0230630367342071,1.07788556314366,1.20270472883939,1.11580001622036,0.158078477471056,
283,PTPRC,,1.08941582172071,1.14864133771043,0.0592255159897175,3.02E-134,0.142939388997169,1.18682683261541,1.31937692269721,1.11168443991926,0.152747326216498,
192,JAG1,,1.12676611445907,1.18732309280128,0.060556978342212,5.54E-104,0.26921181216408,1.26960187669319,1.4097361266992,1.11037653029547,0.151048979527209,
174,IFITM2,,1.10617761983493,1.16201515221517,0.0558375323802494,8.61E-114,0.183134148921477,1.22362892662367,1.35027921397764,1.10350383567953,0.142091644303722,
280,PTGDS,,3.20745306728638,3.36638538748867,0.158932320202294,4.64E-81,-0.0183229721380211,10.2877551788448,11.3325505770972,1.10155717939331,0.139544384086583,
16,ANGPT2,,1.04311900125309,1.09443652107158,0.0513175198184901,1.10E-136,0.695725034793,1.08809725077524,1.19779129865526,1.10081272404821,0.138569051038512,
113,DSC2,,1.06944305292297,1.12195892458153,0.0525158716585554,2.12E-131,0.0635319478091291,1.1437084434452,1.25879182844814,1.10062300900418,0.138320394264414,
288,RNASE1,,2.09394001343555,2.19087571965282,0.096935706217272,1.17E-48,-0.551838775297862,4.38458477986647,4.79993641896426,1.0947299824159,0.130575069764678,
168,HILPDA,,1.12850299245275,1.17985245311174,0.0513494606589837,1.83E-65,0.443956897211466,1.27351900397481,1.39205181111379,1.09307502029339,0.128392419940352,
5,ADAM12,,1.05704355702387,1.10492182681816,0.0478782697942872,1.03E-135,0.0206917242279786,1.11734108144568,1.22085224337918,1.09264061230039,0.127818952599825,
302,SFRP4,,1.06610299782041,1.10949080138776,0.0433878035673498,5.17E-96,-0.00858785575453729,1.13657560196167,1.23096983836405,1.08305143647239,0.115101761304026,
122,ERBB2,,1.16685148516173,1.21300261743049,0.046151132268766,3.90E-63,0.123201911720384,1.36154238842413,1.47137534989322,1.0806680441262,0.111923429048024,
3,ACTA2,,1.02301093595225,1.06202978129381,0.0390188453415605,1.38E-148,0.0135868311904107,1.0465513750779,1.12790725635498,1.07773711182695,0.108005310078901,
149,GLIS3,,1.09595362295194,1.1376713638824,0.0417177409304581,5.92E-77,0.0217351166260243,1.20111434366148,1.29429613219804,1.07757944864142,0.10779424141226,
296,SCFD2,,1.15895071355375,1.20126154565788,0.0423108321041241,1.90E-52,0.400727761436564,1.34316675644675,1.44302930107636,1.07434858266876,0.103462165477539,
313,SOX11,,1.18308200413917,1.21865312586914,0.0355711217299746,1.65E-27,0.0365216969771643,1.39968302851796,1.48511544119063,1.06103697117992,0.0854749269488562,
118,ELOVL7,,1.16410959147365,1.19897141273785,0.0348618212642042,1.35E-38,0.475571723492161,1.35515114096095,1.4375324485626,1.06079123214495,0.0851407561727922,
189,ITGB3,,1.03349858872081,1.06397493463208,0.030476345911268,1.60E-83,0.118083183386244,1.06811933288791,1.13204266152534,1.05984661701104,0.0838554903647631,
209,LOX,,1.02272523160948,1.05040591849874,0.0276806868892581,8.27E-91,0.0624656979060505,1.04596689937066,1.10335259361718,1.05486377655072,0.0770567035922661,
237,MYC,,1.08347571974542,1.11194676027946,0.0284710405340414,2.20E-40,0.0746549074311855,1.17391963527786,1.23642559769599,1.05324552085147,0.074841780548523,
172,HSPG2,,1.03027437495866,1.05718534697172,0.0269109720130571,9.85E-72,0.0146136872068383,1.06146528769646,1.11764085785172,1.05292266342234,0.074399475115332,
143,FSTL3,,1.06176287708086,1.08844079598932,0.0266779189084612,7.79E-47,0.342347549358828,1.12734040714703,1.18470336637386,1.05088344111785,0.07160266145367,
225,MFAP4,,1.04438669455308,1.06836898100529,0.0239822864522112,3.44E-46,0.00133769554995974,1.09074356775951,1.14141227957428,1.04645336751227,0.0655080230529861,
12,ALDH1A3,,1.04992851409079,1.07292568409795,0.0229971700071632,3.98E-42,0.159416991376896,1.10234988470089,1.15116952359705,1.04428688166408,0.0625180968684338,
100,CXCL8,,1.02226432381011,1.04436192714722,0.0220976033371079,3.55E-48,0.287655726644938,1.04502434773494,1.09069183487466,1.04369992645501,0.061706983131165,
24,ARHGAP11A,,1.08274612292666,1.10610018337307,0.0233540604464153,1.27E-29,0.0283648883753377,1.17233916671271,1.22345761565794,1.04360380544869,0.0615741099923695,
177,IGF2,,1.07381544799601,1.09694251064428,0.0231270626482747,5.35E-23,0.0298822384604594,1.15307961635487,1.20328287165858,1.04353841191158,0.0614837060601918,
185,ISLR,,1.06575034674428,1.08868519390767,0.0229348471633886,1.21E-33,0,1.13582380158555,1.18523545143378,1.04350291812802,0.0614346349615053,
106,DDX21,,1.27573954146681,1.30166838647766,0.0259288450108432,4.46E-15,0.773044011710736,1.62751137766195,1.69434058835535,1.04106220798862,0.0580562785078852,
76,CENPF,,1.07772271757335,1.09950081515571,0.0217780975823585,5.62E-24,0.0894529742809649,1.16148625597369,1.20890204252807,1.04082337290736,0.0577252649382559,
60,CD48,,1.05085109257711,1.07108833681148,0.0202372442343781,1.77E-30,-0.000532341778028822,1.10428801877051,1.14723022525358,1.03888678112336,0.0550384365212077,
45,CCL5,,1.01009845317372,1.02776085365301,0.0176624004792869,7.91E-61,0.0581174629804141,1.02029888510394,1.05629237230156,1.0352773954016,0.0500173796574128,
179,IGFBP6,,1.03376388486724,1.05081432669417,0.0170504418269244,1.68E-35,0.0261381512147748,1.06866776965581,1.10421074918572,1.03325914801507,0.0472021367466146,
265,PDGFRB,,1.05830262643996,1.07489716656493,0.016594540124967,1.21E-19,0.0213307290443602,1.12000444912972,1.15540391868932,1.03160654369463,0.0448928295831624,
183,IL7R,,1.03000499780743,1.04569864936573,0.0156936515582993,1.87E-27,0.0249909519440985,1.06091029550828,1.09348566528531,1.03070511231246,0.0436316325533259,
258,P2RY12,,1.32594799722871,1.34520932626019,0.0192613290314805,7.40E-07,0.240726690902587,1.75813809135483,1.80958813145739,1.02926393572584,0.041612982170439,
247,NOTCH3,,1.09322240873543,1.10901915016214,0.0157967414267144,2.30E-12,0,1.1951352349613,1.22992347542636,1.02910820419932,0.0413946804386057,
210,LTBP2,,1.01235324055672,1.02640491564929,0.0140516750925748,1.66E-44,0.00391818962989489,1.02485908366569,1.05350705086903,1.02795307926712,0.0397744144797287,
125,F2R,,1.0930379339633,1.10787729984024,0.014839365876945,2.83E-12,0.0208088764948106,1.19473192508276,1.2273921115013,1.02733683241643,0.0389092749224849,
322,TCF7,,1.06116605407904,1.07555654898183,0.0143904949027913,4.96E-17,0.0725980846900908,1.12607339432968,1.1568218900577,1.02730594283007,0.0388658958459875,
175,IFRD2,,1.1136352009914,1.12762217556393,0.0139869745725232,1.43E-10,0.636189382416071,1.24018336088716,1.27153177082353,1.02527723796742,0.0360140714471649,
307,SLC35E3,,1.2335825927609,1.24804725002623,0.0144646572653278,1.12E-06,0.796180525183136,1.5217260131627,1.55762193829804,1.02358895413815,0.0336364840100324,
260,PCOLCE,,1.01710824530945,1.02882367805093,0.0117154327414857,5.26E-31,0.0382838224804768,1.03450918267647,1.05847816051824,1.02316942009134,0.0330450515234952,
181,IL2RA,,1.02196931855177,1.03334456486003,0.011375246308261,2.02E-23,0.0138280303255397,1.04442128806117,1.06780098972576,1.02238531704768,0.03193902233005,
176,IGF1,,1.06058962796499,1.07161112633411,0.0110214983691221,8.50E-10,0.0271080396862024,1.12485035894692,1.14835040608306,1.02089170968318,0.0298298415450593,
335,TRAF4,,1.14132725720904,1.15238099787782,0.0110537406687843,4.26E-06,0.718987410875202,1.30262790804831,1.32798196426988,1.01946377477783,0.0278105121108658,
272,PLN,,1.02878946193443,1.03846103438648,0.00967157245204064,6.86E-15,0.00787649828044029,1.05840775698733,1.07840131993904,1.01889022715462,0.0269986272932416,
343,VCAN,,1.3099151300742,1.32209361571844,0.01217848564424,0.00182962847142227,0.08260254252419,1.71587764799731,1.74793152872346,1.01868074962312,0.0267019876174903,
55,CD274,,1.02272891296547,1.03213850084649,0.00940958788101942,5.17E-18,0.0789483103511723,1.04597442941553,1.06530988492964,1.01848559101479,0.0264255699763122,
342,VASN,,1.01921413716435,1.02845410515523,0.00923996799087878,4.47E-20,0.0655221544088886,1.03879745739567,1.05771784641065,1.01821374213065,0.0260404419085807,
71,CDK1,,1.05151133499638,1.06008687409986,0.00857553910348297,1.17E-07,0.0155639079083871,1.10567608762587,1.12378418063881,1.01637739408096,0.0234361929301355,
236,MTAP,,1.2167707915775,1.22640075322142,0.00962996164392038,0.000810280452802399,0.45833604279494,1.48053115923614,1.50405880750207,1.01589135636839,0.0227461225732304,
23,AREG,,1.01283618830949,1.02044092696838,0.00760473865889422,6.51E-15,0.14631244089693,1.0258371443493,1.04129968543209,1.01507309534263,0.0215836195201636,
15,ANGPT1,,1.08504770110551,1.09311816295961,0.00807046185409854,3.99E-05,0.095625336786789,1.17732851367435,1.19490731819219,1.01493109553847,0.0213817850465983,
46,CCL8,,1.01870662646046,1.0256684882684,0.00696186180793612,1.06E-10,0.00587888610382848,1.03776319079445,1.05199584782679,1.01371474451839,0.0196517405407552,
190,ITIH2,,1.01325433975321,1.0197620345367,0.00650769478348923,4.26E-13,-0.00454665061756788,1.02668435702871,1.03991460708243,1.01288638515152,0.0184723569909209,
56,CD28,,1.03263297043756,1.03818267881873,0.0055497083811753,1.24E-05,0.00326494730768945,1.0663308516347,1.07782327459923,1.01077753958532,0.0154655117292219,
61,CD52,,1.0220480995962,1.0270359130073,0.00498781341110099,2.04E-06,0.0172920531918915,1.0445823178882,1.05480276660674,1.00978424442336,0.0140470724307302,
252,OGN,,1.01873774923817,1.02355925810959,0.00482150887142074,1.36E-06,0.0124634422502493,1.03782660172285,1.04767355486185,1.00948805236121,0.0136238359777214,
22,AR,,1.0388668454543,1.04258492263341,0.0037180771791141,0.00492771156214686,0.00197778805111719,1.07924432258417,1.08698332090251,1.00717075657143,0.0103082998039358,
160,GZMA,,1.01563330324752,1.01903610064619,0.00340279739867566,0.000290567136350464,0.013533522307949,1.03151100666547,1.03843457442019,1.00671206386552,0.00965110793871449,
161,GZMK,,1.01777642256658,1.02022719449902,0.00245077193243914,0.0109525578701834,0.00592116625468563,1.03586884633243,1.04086352839534,1.00482173209533,0.0069395720164563,
99,CXCL5,,1.0397621926263,1.04201513389051,0.00225294126420517,0.12675645823133,0.00635159126633071,1.08110541721505,1.08579553925686,1.00433826523031,0.006245256717536,
211,LTBP4,,1.03002720591563,1.03204309074348,0.00201588482784709,0.0736259764903247,0.373070331983602,1.06095604492636,1.06511294115136,1.00391806639387,0.00564153021427288,
271,PLEKHO1,,1.28874558711926,1.28984027908579,0.00109469196653778,0.744601396495706,0.235016260002116,1.66086518831937,1.66368794555211,1.001699570352,0.00244988043561431,
57,CD3E,,1.0197859127236,1.02059778797511,0.000811875251510497,0.397503564654723,0.0174230905514324,1.03996330778951,1.04161984481969,1.00159288026585,0.00229621214987852,
306,SLC25A37,,1.08803109436724,1.08881063865945,0.000779544292213163,0.685041889916643,0.34724721643543,1.18381166230997,1.185508606858,1.00143345821135,0.00206656224113489,
51,CD2,,1.03080009186652,1.03114752262626,0.000347430759738865,0.776955802247645,0.00565752317351456,1.06254882939203,1.06326521341827,1.00067421280456,0.000972355719126334,
124,ESM1,,1.01153834320843,1.01185756812437,0.000319224915939831,0.663086832061301,0,1.02320981978086,1.02385573817056,1.00063126680102,0.000910438148849416,
223,METRNL,,1.0153632835062,1.01505212157947,-0.000311161926722647,0.698845797777423,0.344922112054383,1.03096259749249,1.03033080952298,0.999387186333388,-0.000884374243806684,
207,LIMD2,,1.04364157638667,1.04297649342839,-0.000665082958273944,0.62676118643834,0.085137649401101,1.08918773996285,1.08779996584418,0.99872586325777,-0.00183936280829516,
75,CEMIP,,1.0554532946911,1.05449499726739,-0.000958297423705234,0.560478676862925,0.0204354614149809,1.1139816572743,1.11195969926195,0.998184927014604,-0.00262097614660007,
318,STC1,,1.01324185598532,1.01216377269541,-0.00107808328991599,0.140699500603628,0.0378768550954744,1.02665905872058,1.02447550275701,0.997873144015023,-0.00307167224358803,
238,MYH11,,1.01853811528512,1.01708424604416,-0.00145386924096225,0.12975745925206,0.0169089656218581,1.03741989228856,1.03446036355122,0.99714722191145,-0.00412157056342881,
58,CD3G,,1.02684846973312,1.02534253453193,-0.00150593520119213,0.157093861286043,0.0114469316522414,1.05441777979325,1.05132731312036,0.997069030196462,-0.00423470453211505,
221,MECOM,,1.01474128400702,1.01324584243168,-0.00149544157533898,0.0586298649959595,-0.00390225735216207,1.02969987346822,1.02666713720508,0.997054737655822,-0.00425538507144297,
165,HES1,,1.18552570089097,1.18363632083075,-0.00188938006021577,0.496214315505476,0.0247050659704223,1.40547118747303,1.40099493998975,0.996815126824962,-0.00460213323715534,
64,CD80,,1.00471381832425,1.00288946590681,-0.00182435241743129,1.03E-05,0.00981805190200297,1.00944985673169,1.00578728082685,0.99637171090726,-0.00524403387984836,
206,LILRA4,,1.04590662464368,1.04358215687443,-0.00232446776924822,0.0916871437288937,0.000796638338355009,1.09392066747354,1.08906371814669,0.995560053419536,-0.00641975115914274,
150,GNLY,,1.00898910144099,1.00648553124613,-0.00250357019486191,1.02E-05,0.0269736298930056,1.0180590068267,1.0130131246078,0.995043624991227,-0.00716831679005158,
243,NDUFA4L2,,1.0117405464334,1.00913595626162,-0.00260459017177883,7.45E-05,0.0657156072662804,1.02361893329735,1.01835537822005,0.994857895935605,-0.00743762699003497,
63,CD79A,,1.00624094457221,1.00357083807287,-0.00267010649934396,1.90E-09,0.00707628705357588,1.01252083853357,1.00715442703028,0.994699949572334,-0.00766669138844937,
119,EML4,,1.0237147815555,1.02085414637322,-0.0028606351822833,0.00262392765306196,0.587957125533791,1.04799195397523,1.0421431881674,0.994419073747995,-0.00807412619433193,
30,BANK1,,1.02364928765971,1.0203872452859,-0.003262042373813,0.000607096662926139,0,1.04785786412623,1.04119013034215,0.993636795588069,-0.00920949557461626,
54,CD27,,1.01496904461253,1.01170224534789,-0.00326679926463092,7.05E-06,0.0389169115689163,1.03016216152167,1.02354143324196,0.993573120303769,-0.00930195084688924,
146,GATA3,,1.01346623106971,1.01018464240307,-0.00328158866663464,3.25E-06,0,1.02711380151864,1.02047301174702,0.993534514129003,-0.00935800914581953,
95,CTSG,,1.00613453927493,1.00274361263055,-0.00339092664437879,2.68E-17,0,1.01230671112198,1.00549475267137,0.993270855190657,-0.00974091473983922,
73,CDKN2A,,1.02661421165498,1.0231104699628,-0.00350374169218082,0.000655036069719779,0.215027290153038,1.05393673957198,1.0467550337475,0.993185828375818,-0.00986441883152335,
129,FASLG,,1.01005397127865,1.00648622009872,-0.00356775117992836,7.77E-10,0,1.02020902489577,1.01301451124861,0.992948000388549,-0.0102099275323844,
199,KLRB1,,1.02737799912407,1.02356487783633,-0.00381312128773592,0.000323113282592474,0.00148409984264739,1.05550555308418,1.0476850591401,0.992590760019002,-0.0107290701705333,
141,FOXP3,,1.01430553825483,1.01001416261863,-0.00429137563619975,8.25E-10,0.0062538437750011,1.02881572493442,1.02012860869021,0.991556198030739,-0.0122335530710223,
91,CRTAM,,1.01909628548832,1.01470474382183,-0.00439154166649103,6.42E-08,0.01380807145308,1.03855723909609,1.02962571713453,0.991400067684917,-0.0124607375833687,
28,ATP1B2,,2.27072866956436,2.26093296060613,-0.00979570895822324,0.215088110953004,0.121409126604688,5.15620869078153,5.1118178523552,0.991390798726651,-0.0124742259248276,
278,PRF1,,1.02192150691933,1.01728452282178,-0.0046369840975502,5.42E-07,0.0029830820882085,1.04432356630427,1.03486780037274,0.990945559176645,-0.0131222944516877,
7,ADGRL4,,1.05179199314147,1.04698886940722,-0.00480312373425473,0.00197755593816348,0,1.10626639683651,1.09618569266261,0.990887634115323,-0.0132066286923478,
103,CYTIP,,1.07981255585072,1.07483373424102,-0.00497882160969976,0.00692991688432767,0.0160484470040379,1.16599515577286,1.1552675562625,0.990799619143136,-0.0133347808654746,
50,CD19,,1.01754162733503,1.01278169408412,-0.00475993325090363,4.11E-09,0,1.03539096335962,1.0257267598719,0.990666131123684,-0.0135291647491694,
275,PLVAP,,1.02585938164091,1.02101960558682,-0.00483977605408925,8.72E-07,0.00391360123944126,1.05238747090067,1.04248103499267,0.99058670291891,-0.0136448397152588,
136,FGF11,,1.13602375389524,1.13017967708284,-0.00584407681240662,0.012538355168151,0.00756403987154267,1.29054996941423,1.27730610249107,0.989737811602001,-0.0148816989867475,
305,SLC19A1,,1.07843347599243,1.07287796592112,-0.00555551007130783,0.00188356064389494,0.131630409525581,1.16301876214111,1.15106712975904,0.989723611715368,-0.0149023976533514,
140,FOXC2,,1.01259021120882,1.00701550615194,-0.00557470505687818,6.63E-21,0,1.02533893583592,1.01408022963045,0.989019527288022,-0.015929088924741,
240,MYO1B,,1.07293801197816,1.0667649830321,-0.00617302894606797,0.00086328559580437,-0.000296428110880873,1.15119597754765,1.13798752902348,0.988526324985684,-0.01664870867937,
227,MLPH,,1.0163397984046,1.01037284282989,-0.00596695557470528,3.06E-17,0,1.0329465858211,1.02085328152815,0.988292420480449,-0.0169901187070658,
135,FCN1,,1.01187752080857,1.00582611774047,-0.00605140306809138,8.78E-26,0.0112359763955682,1.0238961171177,1.01168617912887,0.988075022666163,-0.0173075078149693,
229,MMP12,,1.01609472647891,1.01001160179074,-0.00608312468816918,5.67E-16,0,1.03244849317825,1.0201234357519,0.988062302857924,-0.0173260802127787,
228,MMP1,,1.0142577293643,1.00807071338166,-0.00618701598263982,1.75E-22,0,1.02871874157523,1.01620656317781,0.98783712409258,-0.0176549069587667,
79,CLDN5,,1.02072165729239,1.01446092592637,-0.00626073136602523,3.63E-12,-0.00447119271863014,1.04187270166572,1.02913097023139,0.987770356768188,-0.0177524211550461,
142,FRMD3,,1.07242733619754,1.06581045249416,-0.00661688370338487,6.81E-05,0.0974087134697864,1.15010039142375,1.13595192064581,0.987698055853689,-0.0178580246364075,
234,MS4A1,,1.0199448222516,1.01342942902857,-0.0065153932230364,9.58E-16,0,1.04028744043785,1.02703920762117,0.987264834408556,-0.0184909544434494,
47,CCR7,,1.02435960871357,1.0173334114407,-0.00702619727286713,4.51E-13,0.0648991785736308,1.04931260796382,1.03496727003357,0.986328823439868,-0.0198594007582423,
53,CD247,,1.01841835760874,1.01140880560589,-0.0070095520028457,6.95E-18,-0.0104038161089274,1.03717595111448,1.02294777205713,0.986281807785785,-0.0199281718070543,
201,KLRD1,,1.02947710358095,1.0222251975583,-0.00725190602264503,9.75E-13,0.0217869461852132,1.05982310679742,1.04494435452311,0.98596109843342,-0.0203973693839275,
82,CMTM2,,1.02386784609177,1.01661149323287,-0.00725635285890736,1.18E-15,0.00124215694068795,1.0483053662606,1.03349892817317,0.985875834881728,-0.0205221355866412,
314,SOX17,,1.02121412389483,1.01392433479184,-0.00728978910299749,1.44E-18,0,1.04287828684229,1.02804255668308,0.985774245809517,-0.0206708050206877,
298,SELL,,1.12854535094426,1.12043131432353,-0.00811403662073484,0.000394020756394786,-0.148568206135552,1.2736146091379,1.25536633011675,0.985672055824248,-0.0208203693126357,
282,PTP4A3,,1.03684614004564,1.02900085051981,-0.00784528952582653,1.09E-11,0.00999748413137256,1.07504991812754,1.05884275037049,0.984924264925968,-0.0219153010964764,
131,FCER1A,,1.02338589651539,1.01560458131766,-0.0077813151977344,1.98E-17,0.00323668522477174,1.04731869318661,1.03145266559342,0.984850812177414,-0.0220228970523392,
327,TIGIT,,1.03087139707635,1.02302356417569,-0.00784783290065905,6.77E-14,0,1.06269583731015,1.04657721285873,0.984832325595429,-0.0220499780580528,
347,VWF,,1.08771093004687,1.07903116948352,-0.00867976056334818,5.35E-05,0.0146093462741419,1.18311506734343,1.16430826471697,0.984103995337763,-0.0231173142513253,
182,IL3RA,,1.01773699854535,1.00948892222567,-0.00824807631968127,6.29E-29,0.00601876823106147,1.0357885982081,1.01906788409634,0.983857020495611,-0.0234794244547293,
167,HIGD1B,,1.01668779975334,1.00824963044256,-0.00843816931078645,4.72E-32,0,1.03365408216729,1.01656731728756,0.983469552169811,-0.0240477069627055,
20,AQP3,,1.02034847705694,1.01178480740856,-0.00856366964838706,4.48E-24,0.0460829689212765,1.04111101463242,1.02370849650278,0.983284666202687,-0.0243189498726669,
88,CPA3,,1.01930974777395,1.01055091237541,-0.00875883539854017,2.26E-30,0.00356102088981529,1.03899236190699,1.02121314650277,0.98288802107112,-0.0249010329987035,
202,KLRF1,,1.0317124128336,1.02221684540274,-0.00949556743086233,8.89E-22,0,1.06443050279493,1.04492727902513,0.981677315974515,-0.0266792161184369,
203,LAG3,,1.02130085144987,1.01181256374171,-0.00948828770815568,2.15E-28,0.00394225477907751,1.04305542917223,1.02376466414557,0.981505522633666,-0.0269317095659752,
151,GPC5,,1.04361983548559,1.03318383195908,-0.0104360035265076,2.55E-19,0.351846979258226,1.08914236101897,1.06746883062165,0.980100369636671,-0.0289985952897392,
74,CEACAM8,,1.01680059641905,1.00655979876961,-0.0102407976494425,9.32E-51,#N/A,1.03388345287814,1.01316262849912,0.979958259007497,-0.0292077954609275,
25,ARL15,,1.06741217094112,1.05632963623921,-0.0110825347019068,5.10E-13,0.0664077149615473,1.13936874267323,1.11583230039726,0.979342559265975,-0.030114513801189,
67,CD8A,,1.03316403552864,1.02234438705232,-0.0108196484763201,5.86E-24,0.00576910051000973,1.06742792430982,1.04518804573738,0.979164983353025,-0.0303761292242819,
94,CTLA4,,1.03226046631274,1.02100908336115,-0.0112513829515877,3.66E-29,0.00398227816761395,1.0655616703122,1.04245954830598,0.978319300843985,-0.0316226904842774,
270,PLAC8,,1.08109086331188,1.06885882041824,-0.0122320428936427,1.82E-11,0.0389382752448026,1.16875745473643,1.14245917798587,0.977498944161614,-0.0328329507831027,
290,RORC,,1.02560592611063,1.01299057688969,-0.0126153492209384,8.14E-50,0.00665406385410649,1.05186751567324,1.02614990886731,0.975550526636926,-0.0357114986898808,
299,SEMA3G,,1.02215936138031,1.00950689041681,-0.0126524709635081,5.44E-53,0,1.0448097600574,1.01910416179902,0.975396862432666,-0.0359387632354536,
32,BICC1,,1.04221171876153,1.02885085778292,-0.0133608609786122,3.44E-31,0.00484237142434805,1.08620526672386,1.05853408756065,0.974524907942426,-0.0372290350011332,
303,SLAMF1,,1.05979501061643,1.04593047076875,-0.01386453984768,2.66E-21,0.0060264290535057,1.12316546452748,1.09397054968254,0.974006577154487,-0.0379965804892688,
200,KLRC1,,1.10892142749628,1.09370207913587,-0.0152193483604091,6.21E-15,0,1.22970673236039,1.19618423790613,0.972739439760635,-0.0398746817685525,
235,MSMP,,1.03444829834242,1.02010795968096,-0.0143403386614629,5.39E-41,0.0104002183250861,1.07008328194353,1.04062024940445,0.972466598594489,-0.0402793963254366,
173,ID4,,1.66493130516473,1.64086937367066,-0.0240619314940764,9.45E-06,0.594797491064825,2.77199625091753,2.69245230145034,0.971304452723968,-0.0420045195418054,
17,ANO2,,1.04085442399937,1.02475726313844,-0.0160971608609288,1.25E-43,0.00212338733150261,1.08337793195906,1.05012744835499,0.969308509410056,-0.0449721783098583,
26,ASCL1,,1.16256439551306,1.14332810113739,-0.0192362943756639,7.24E-14,-0.0194920029009743,1.35155597371465,1.30719914685043,0.967180917603948,-0.0481423142682054,
301,SERPINB9,,1.13199974112997,1.11241919355,-0.0195805475799666,1.06E-17,0.00813612667790781,1.28142341391832,1.23747646217843,0.965704581902787,-0.0503461722923703,
310,SLMAP,,1.39409360426625,1.36816736638371,-0.025926237882542,7.56E-13,0.443954136545412,1.94349697745606,1.87188194243734,0.963151455418023,-0.0541654154066457,
93,CTH,,1.05220566308914,1.03231079534074,-0.0198948677483965,8.30E-56,0.0876112694084419,1.10713675743686,1.06566557817703,0.962541954296743,-0.0550786701023461,
97,CX3CR1,,1.22240330751103,1.19860515248939,-0.0237981550216455,1.12E-14,0.110929187629366,1.49426984621391,1.43665431157411,0.961442349395074,-0.0567277425072072,
291,RTKN2,,1.071208979242,1.04984246862511,-0.0213665106168823,8.06E-43,0.0356592266105252,1.14748867720869,1.10216920892887,0.960505520289695,-0.0581341894070942,
281,PTH1R,,1.04788863016098,1.02674499611808,-0.0211436340428961,2.34E-67,0.00752609104213702,1.09807058122066,1.05420528705352,0.960052391059984,-0.0588149575327036,
194,KCNMB1,,1.09908204880977,1.07689661125471,-0.0221854375550585,4.53E-33,0.0287741872836742,1.20798135001588,1.15970631133188,0.960036602648403,-0.0588386833737104,
204,LAMA2,,1.21193906886675,1.18681360351471,-0.0251254653520394,3.41E-19,-0.297889634222851,1.46879630664561,1.40852652948757,0.958966551804807,-0.0604475991297587,
323,TESC,,1.04798223533801,1.02617066886833,-0.0218115664696774,8.74E-81,0.0346098665173136,1.09826676558405,1.05302624164568,0.958807345031225,-0.0606871339608762,
52,CD24,,1.31808256999549,1.29047701767848,-0.0276055523170129,1.94E-11,0.0620586362530167,1.73734166132592,1.66533093315634,0.958551199356715,-0.0610726018720721,
114,DSCAM,,1.06502589118121,1.04257705993848,-0.0224488312427324,6.19E-54,0.0176281327192293,1.13428014888633,1.08696692590997,0.958287885913529,-0.0614689637826697,
339,TTYH1,,2.10663081952473,2.05863837629358,-0.0479924432311511,3.79E-17,1.467997266984,4.43789340977144,4.23799196434867,0.954955780374846,-0.0664941647870742,
332,TNFRSF17,,1.04984910948018,1.02505806278554,-0.0247910466946382,2.99E-103,0.00359738757163374,1.10218315267633,1.05074403208164,0.953329788729053,-0.0689527178355244,
116,EGFL7,,1.03890550452794,1.01435125381516,-0.0245542507127825,1.58E-148,0.0105549261756453,1.07932464733845,1.02890846611639,0.953289141180654,-0.069014231980367,
205,LEPR,,1.10017804146818,1.07416119206686,-0.0260168494013202,1.00E-42,0.120660601851049,1.21039172292876,1.1538222665425,0.953263513526527,-0.0690530170508234,
65,CD83,,1.11828410136036,1.09091436490772,-0.0273697364526422,1.64E-39,0.378593846701194,1.25055933135535,1.19009415156201,0.95164949132977,-0.0714977926079609,
33,BNIP3,,1.95541620715506,1.90753761490772,-0.047878592247337,3.23E-17,2.31910086740536,3.82365254320468,3.63869975228783,0.951629289317738,-0.0715284190646542,
220,MDM4,,1.60627012413056,1.56579073078831,-0.04047939334225,4.40E-20,0.527476783661027,2.5801037116744,2.45170061262259,0.950233357492252,-0.0736462421230919,
261,PDE3A,,1.0665586582387,1.03934254884353,-0.0272161093951715,4.31E-82,0.0035564418530079,1.13754737146394,1.08023293383657,0.949615779469815,-0.0745841868939472,
246,NOSTRIN,,1.05280013213285,1.02553801900186,-0.0272621131309925,5.22E-103,0,1.10838811821895,1.05172822841826,0.948880821736223,-0.0757011969847871,
27,ATP10A,,1.05155300260526,1.02367780043159,-0.0278752021736661,1.86E-118,0,1.10576371728814,1.04791623909646,0.947685498007161,-0.0775197338074207,
145,GAP43,,1.88301015244811,1.83175592983213,-0.0512542226159736,5.45E-15,0.197501674033043,3.54572723422265,3.35532978647517,0.94630228577376,-0.0796269847638397,
80,CLEC9A,,1.05926865124694,1.02863623629167,-0.0306324149552739,5.19E-128,0.00112084908080396,1.12205007551451,1.05809250661229,0.942999363131907,-0.0846712983313703,
139,FLT1,,1.05835013429058,1.02747300362678,-0.0308771306637929,4.10E-112,0.00661962536717546,1.12010500675289,1.05570077318184,0.942501610846509,-0.0854330107678279,
155,GRID2,,1.09697945324068,1.06444667554247,-0.0325327776982163,1.85E-72,0.134147325637449,1.20336392083222,1.13304672507342,0.941566142592862,-0.0868656508826926,
92,CSMD1,,1.05004182199606,1.0170502136821,-0.0329916083139623,5.21E-215,-0.00864700331695466,1.10258782794081,1.03439113715081,0.938148518365775,-0.0921117609008683,
121,ENPP2,,3.89982877526408,3.76699848288187,-0.132830292382205,3.04E-54,-0.128748821130348,15.2086644763777,14.1902775700343,0.933039031275547,-0.0999906611309508,
120,ENAH,,2.3464757153309,2.26339531186752,-0.0830804034633825,1.41E-43,1.49257100790055,5.50594828263766,5.12295833778387,0.930440693374926,-0.104013899574117,
13,ALDOA,,2.01274463674005,1.941006297513,-0.071738339227053,5.54E-35,2.700212477752,4.05114097272584,3.76750544698512,0.9299862612409,-0.104718691554895,
222,MET,,1.19436320197461,1.15167802339644,-0.0426851785781679,1.65E-62,0.826750530047328,1.42650345823104,1.32636226957433,0.929799547222344,-0.105008371568922,
9,ADIRF,,1.06213631225557,1.02341159323287,-0.0387247190226976,2.98E-240,0.00491561743358453,1.12813354581186,1.04737128916344,0.928410730318014,-0.107164897832794,
105,DCX,,1.08829967119597,1.04602975869379,-0.0422699125021855,9.21E-155,0.0108718514077518,1.18439617432526,1.09417825607299,0.923827921595859,-0.114303944306463,
42,CAVIN2,,1.0699233725495,1.02775279458486,-0.0421705779646384,1.46E-198,0.0157180062602077,1.1447360231277,1.05627580677699,0.922724353419916,-0.1160283607184,
19,AQP1,,1.8981533421856,1.82226422869474,-0.0758891134908599,5.32E-24,-0.060263531083415,3.60298611045036,3.32064691918044,0.921637446658201,-0.117728759389088,
329,TLR4,,1.27956766243389,1.22755202360866,-0.0520156388252346,1.47E-63,0.0401807814115669,1.63729340274653,1.50688397066572,0.920350603097738,-0.119744541332256,
337,TSFM,,1.25104300753768,1.19993587275263,-0.0511071347850467,1.56E-71,0.580345993527052,1.56510860670892,1.43984609871862,0.91996561295915,-0.120348158653006,
11,AKR1C1,,1.12037432537135,1.07328016751872,-0.0470941578526316,8.29E-138,0.00316298851441258,1.25523862895131,1.15193031798901,0.91769826981137,-0.123908207262364,
123,ERMN,,4.1967910408881,4.018775160289,-0.178015880599099,7.83E-76,-0.750074708537896,17.6130550408786,16.1505537889559,0.916964930358283,-0.12506153638403,
193,KCNMA1,,1.33877336788765,1.27861240981449,-0.0601609580731572,9.57E-68,0.8508164380253,1.79231413056524,1.63484969453162,0.912144621666312,-0.132665511265481,
195,KDR,,1.09964323373372,1.04900587935524,-0.0506373543784828,8.53E-200,0.0128429850053154,1.20921524149635,1.10041333492186,0.910022713210383,-0.136025540974875,
316,SOX4,,1.39942737927411,1.33480234870762,-0.0646250305664928,2.69E-50,0.256526618138852,1.958396989862,1.78169731011538,0.909773309159816,-0.136420985282656,
263,PDE7B,,1.09590803866546,1.0451332278411,-0.0507748108243653,1.74E-232,0.000829180463275894,1.20101442921158,1.09230346393756,0.909484047293767,-0.136879762224471,
289,RORA,,1.1499581752265,1.09529862555677,-0.0546595496697251,2.36E-149,0.369894818376091,1.32240380477026,1.19967907914655,0.907195725555983,-0.140514252153202,
312,SMOC1,,1.54448116766012,1.46855094560542,-0.0759302220547036,1.37E-60,0.705633194897544,2.38542207725677,2.15664187983857,0.904092361850993,-0.145457929351135,
348,ZEB1,,1.44984035035939,1.37645452175354,-0.0733858286058517,9.29E-80,0.0381566838472195,2.10203704153024,1.89462705045577,0.901329050356086,-0.149874204550078,
320,TAC1,,1.09482861714085,1.03750308496829,-0.0573255321725599,2.81E-215,0.00372347261228679,1.19864970091055,1.07641265131872,0.898021040259744,-0.155178847779749,
268,PIK3C2B,,1.62744480483745,1.53982428125089,-0.0876205235865593,5.60E-92,0.335586449007877,2.64857659279241,2.37105881712982,0.895220030103038,-0.159685778627749,
338,TSHZ2,,1.1888176054394,1.12394485784491,-0.0648727475944881,2.93E-151,-0.00028743270177534,1.41328729900267,1.26325204347602,0.893839521778388,-0.161912258911292,
157,GRIP1,,1.09170858995409,1.02849853681387,-0.0632100531402171,0,0.00601199809399624,1.19182764537955,1.05780924022827,0.887552192910749,-0.17209613454946,
184,INPP4B,,1.13588254773159,1.07002558325147,-0.0658569644801232,4.11E-266,-0.0029464618124841,1.29022916224121,1.14495474881265,0.887404177738311,-0.172336749766012,
2,ABCG2,,1.16084537106205,1.08787584526921,-0.0729695257928464,7.62E-195,0.0130585459392506,1.34756197551619,1.1834738547202,0.878233340078377,-0.187323790834281,
279,PTEN,,1.72046311087812,1.61049200797844,-0.109971102899676,7.85E-120,0.568707320008403,2.95999331589242,2.59368450776243,0.876246744827682,-0.190590915227364,
197,KIT,,1.13047418356837,1.05803413518766,-0.0724400483807155,7.05E-281,-0.0548166652154322,1.27797187971457,1.1194362312223,0.875947467226211,-0.191083744518455,
84,CNTNAP2,,1.13572488412933,1.05993584502122,-0.0757890391081049,0,0.390586385910926,1.28987101243058,1.12346399556085,0.870989412688512,-0.199272912635682,
340,TUBA4A,,1.494260524039,1.39089934775383,-0.103361176285173,6.29E-150,0.429332367252549,2.23281451370131,1.93460099558203,0.866440532211996,-0.206827360882174,
29,B4GALNT1,,1.17145097581752,1.08489997702799,-0.0865509987895223,0,0.104435053937736,1.37229738874382,1.17700796015533,0.857691612481131,-0.221469082499683,
112,DPP10,,1.11092758159991,1.0270483940412,-0.083879187558709,0,-0.0187540336991252,1.23416009155942,1.05482840370261,0.854693334290026,-0.226521223966035,
8,ADGRV1,,1.1558160439648,1.06798454489246,-0.0878314990723383,0,-0.00109643854671383,1.33591072748644,1.14059098812916,0.853792820628976,-0.228042063581409,
78,CHRM3,,1.1378860160326,1.04903347904287,-0.0888525369897322,0,0.0017215031865092,1.29478458548254,1.10047124015279,0.849926120909651,-0.23459065320119,
251,NUDT4,,1.79025637826289,1.64970220222948,-0.140554176033408,2.70E-160,0.190855831332587,3.20501789991096,2.7215173560408,0.849142638522051,-0.235921177618233,
109,DLL1,,1.24239401381544,1.14371180944489,-0.098682204370544,1.02E-298,-0.432223871019132,1.54354288556444,1.3080767030637,0.847450832300892,-0.238798426996342,
309,SLIT2,,1.18632227043414,1.08953124451571,-0.0967910259184273,0,0.0509752386984285,1.40736052932801,1.18707833277595,0.843478489014296,-0.245576818535896,
241,MYRIP,,1.13241174360609,1.03841555989556,-0.0939961837105292,0,0.0207216091800647,1.28235635705699,1.07830687503321,0.840879268152832,-0.250029418950046,
262,PDE4D,,1.20208575573594,1.10212194890791,-0.0999638068280235,0,0.400520170883507,1.44501016414325,1.21467279026457,0.840598094328807,-0.250511909044032,
257,OPCML,,1.12165291944684,1.02731161529401,-0.0943413041528305,0,-0.0312840243152042,1.25810527170362,1.05536915491799,0.838855999298768,-0.2535049206084,
40,CADM1,,1.69493886013337,1.55209253709047,-0.142846323042905,2.36E-225,0.954591638345277,2.87281773959021,2.40899124369193,0.838546494089654,-0.254037317140713,
308,SLC6A1,,1.88932839005452,1.72362063142973,-0.165707758624794,3.89E-228,0.190234779077163,3.569561765466,2.97086808109022,0.832278099186323,-0.264862420753513,
319,SYNPO,,1.41985423217111,1.29493477377557,-0.124919458395541,2.17E-246,0.000391715320923924,2.01598604061421,1.67685606833319,0.831779602909501,-0.265726787568534,
287,RGS5,,1.18181663638066,1.07655989794697,-0.105256738433686,0,0.0449617283608034,1.3966905620261,1.15898121386759,0.829805287855833,-0.269155244210602,
208,LMO7,,1.19030612397136,1.08125837728313,-0.109047746688226,0,-0.000944525523640563,1.41682866876372,1.16911967844495,0.825166588042775,-0.27724268888459,
138,FGFR3,,1.36034816537395,1.23546552420716,-0.124882641166783,3.75E-278,-0.00381564029544096,1.85054713103627,1.52637506150447,0.824823662097021,-0.277842374329293,
153,GPR17,,1.22271753926126,1.1028342957461,-0.119883243515162,0,-0.0760178605924777,1.49503818081711,1.2162434838738,0.813520015394563,-0.297750253285503,
90,CREB5,,1.64258434118258,1.47835783452716,-0.16422650665542,0,-0.131332365978585,2.69808331789821,2.18554188690783,0.810034987581613,-0.303943871679774,
321,TCEAL7,,1.80825695602769,1.62030123954409,-0.187955716483597,0,1.02441920184439,3.26979321902253,2.62537610686811,0.802918084114489,-0.316675287306785,
191,ITM2A,,1.19304381991282,1.06424619772998,-0.128797622182834,0,0.0591080052669162,1.42335355623217,1.13261996938272,0.795740428949313,-0.329630195448915,
259,PCDH9,,1.92872841138578,1.71758051042253,-0.211147900963252,0,-0.705267563806242,3.71999328488672,2.95008280978332,0.793034444919208,-0.334544565105766,
128,FAM107B,,3.52958598538652,3.13690527665602,-0.392680708730502,0,-0.000614304904949847,12.4579772282369,9.84017471471238,0.789869377221921,-0.340314004148815,
110,DLL3,,1.22445628460624,1.07994406138347,-0.144512223222769,0,-0.011134154662605,1.49929319291172,1.16627917571742,0.777885994034589,-0.362369363702919,
264,PDGFRA,,1.65872790915495,1.46296126728027,-0.195766641874678,1.83E-225,0.018166050077896,2.75137827660955,2.14025566956229,0.777884919626418,-0.362371356339915,
111,DOCK9,,1.80072149846336,1.56818447874243,-0.232537019720928,0,-0.413112737741171,3.24259791502813,2.45920255936867,0.758405027022086,-0.398959567840276,
249,NRXN3,,1.33172381024953,1.15169387075683,-0.180029939492694,0,0.130592707783725,1.77348830678553,1.32639877193885,0.74790387219579,-0.419075241911466,
171,HSPB8,,1.74804761799697,1.51154810598979,-0.236499512007172,0,0.0167024597456404,3.05567047478488,2.28477767672132,0.747717299877425,-0.419435181934907,
147,GFAP,,4.02579208173998,3.44233532152702,-0.583456760212964,0,0.284240050539217,16.2070018854003,11.8496724658325,0.731145251269886,-0.451770050583575,
217,MCAM,,1.3999922895496,1.19630575684582,-0.203686532703778,0,-0.291668808154242,1.95997841079833,1.43114746386245,0.730185320398259,-0.453665429677308,
70,CDH1,,1.17131684858839,1.00033895089179,-0.1709778976966,0,0.117957799413132,1.37198315978704,1.00067801667129,0.729366107399317,-0.455284933632572,
253,OLIG1,,3.85862136215239,3.25435209038581,-0.604269271766586,0,0.705818812199423,14.8889588164588,10.5908075281985,0.711319552881767,-0.491430273736484,
297,SCG3,,1.79099739105276,1.50609591377748,-0.28490147727528,0,0.830776911425622,3.20767165475779,2.26832490149722,0.70715620101974,-0.499899173280791,
31,BCAN,,1.56619099806639,1.31436167548047,-0.251829322585914,0,-0.0265001943093345,2.45295424242419,1.72754661397183,0.704271846614039,-0.505795682985229,
21,AQP4,,2.56835137820755,2.13624248438886,-0.432108893818686,0,-0.0414477257951081,6.59642880194062,4.56353195210789,0.691818571704333,-0.531534351852859,
216,MBP,,9.73714368635879,7.91914196741142,-1.81800171894738,0,-0.41131830327171,94.8119671687968,62.7128095000168,0.661444028351054,-0.596309014629545,
156,GRIN2B,,1.30042912665929,1.05360756456913,-0.246821562090162,0,0.0126341967445491,1.69111591346384,1.11008890011729,0.656423898136907,-0.607300331514122,
242,NCAM1,,1.84339384897102,1.48914024736277,-0.354253601608242,0,0.205733861293267,3.39810088242419,2.21753867631565,0.652581766417031,-0.615769416785229,
158,GRM3,,2.06604774681329,1.65644909767037,-0.409598649142923,0,0.190010677716614,4.26855329211227,2.74382361317298,0.642799427675697,-0.637559450394892,
333,TNR,,1.62621461001653,1.27751561691783,-0.348698993098704,0,0.233453498248971,2.64457395783121,1.63204615146894,0.61713008503168,-0.696353467345923,
254,OLIG2,,2.75175780486,2.1280616273189,-0.623696177541102,0,1.00331784907305,7.57217101660793,4.52864628966717,0.598064449381103,-0.741627132550323,
218,MCTP1,,1.40599990181063,1.07914695198865,-0.326852949821979,0,0.0132208997549917,1.9768357238915,1.16455814398639,0.589102134240018,-0.76341031518183,
255,OMG,,2.3183670672488,1.75197541336974,-0.566391653879065,0,-0.226463556679565,5.3748258585038,3.06941784905207,0.571072985405802,-0.808252955334065,
166,HHIP,,2.40970079916028,1.80598757195861,-0.603713227201673,0,-0.532969823458906,5.80665794147369,3.26159111006896,0.561698509356517,-0.832132120610351,
248,NRN1,,1.73771893550472,1.2782704584458,-0.459448477058921,0,0.0615109512522724,3.01966709881166,1.63397536493524,0.541111093199069,-0.886003276891274,
317,SPARCL1,,3.25742152407316,2.39604760211264,-0.86137392196052,0,0.157759632928705,10.6107949854951,5.74104411158973,0.541056925464841,-0.886147704596148,
326,THY1,,1.73565833004619,1.27214793438886,-0.463510395657328,0,0.0307543692309995,3.01250983865873,1.61836036696984,0.537213305066048,-0.896433058708934,
144,FXYD6,,2.84192543726616,2.05832086869665,-0.783604568569508,0,-0.273109894547329,8.07654019098045,4.23668479851213,0.52456679448503,-0.930801608191769,
250,NSG2,,1.64382001772093,1.10869052069007,-0.535129497030864,0,0.0130620237237064,2.70214425066004,1.22919467066802,0.454896022063874,-1.13639127615978,
14,ALDOC,,2.55651743259678,1.60572192370642,-0.950795508890359,0,-0.6039032748354,6.53578138317123,2.57834289627145,0.394496502424383,-1.34191558541508,
346,VSNL1,,2.06918068132729,1.12842982679193,-0.940750854535362,0,0.00648761345972529,4.28150869197807,1.27335387399367,0.297407751706647,-1.74948584425899,
304,SLC17A7,,2.17638479239536,1.14778576043922,-1.02859903195614,0,0.000370058606808213,4.7366507645698,1.31741215186704,0.278131578059606,-1.84616054249446,
